"﻿""Материнская плата Gigabyte""","Материнские платы",5000,"Материнская плата Gigabyte","11-03-2019 20:00:58","..\7\import\gigabyte_b450.jpg"
"Материнская плата MSI","Материнские платы",5200,"Материнская плата MSI","11-03-2019 20:00:58","..\7\import\msi_z390.jpg"
"Материнская плата ASUS","Материнские платы",5600,"Материнская плата ASUS","11-03-2019 20:00:58","..\7\import\asus_h110m_k.jpg"
"﻿""Материнская плата Gigabyte""","Материнские платы",5000,"Материнская плата Gigabyte","11-03-2019 20:00:58","..\7\import\gigabyte_b450.jpg"
"Материнская плата MSI","Материнские платы",5200,"Материнская плата MSI","11-03-2019 20:00:58","..\7\import\msi_z390.jpg"
"Материнская плата ASUS","Материнские платы",5600,"Материнская плата ASUS","11-03-2019 20:00:58","..\7\import\asus_h110m_k.jpg"
"﻿""Материнская плата Gigabyte""","Материнские платы",5000,"Материнская плата Gigabyte","11-03-2019 20:00:58","..\7\import\gigabyte_b450.jpg"
"Материнская плата MSI","Материнские платы",5200,"Материнская плата MSI","11-03-2019 20:00:58","..\7\import\msi_z390.jpg"
"Материнская плата ASUS","Материнские платы",5600,"Материнская плата ASUS","11-03-2019 20:00:58","..\7\import\asus_h110m_k.jpg"
"Материнская плата ","Материнские платы",000000,"Просто Материнская плата ","11-03-2019 22:03:50","..\7\images\5a\db\5adbc9d5d51676cb709b5f8950134973.jpg"
